Prime, Number of Conjugate Pairs With Shortest Path Through F_p, Number of Random Pairs with Shortest Path Through F_p
80677, 252, 53
80557, 218, 56
80683, 171, 49
80701, 438, 111
80621, 721, 113
80527, 187, 67
80713, 358, 99
80611, 368, 103
80537, 594, 145
80513, 631, 180
80657, 495, 163
80737, 239, 86
80629, 508, 145
80669, 831, 189
80603, 602, 149
80627, 682, 156
80599, 384, 82
80749, 359, 68
80761, 407, 83
80681, 809, 271
80671, 449, 97
80651, 835, 189
80777, 484, 85
80567, 513, 103
80747, 601, 95
80833, 202, 44
80803, 254, 76
80789, 618, 122
80917, 221, 43
80809, 507, 117
80953, 194, 74
80687, 718, 148
80923, 316, 102
80897, 520, 111
81013, 269, 55
80779, 526, 131
80929, 497, 105
81001, 420, 102
80863, 335, 75
80849, 650, 163
81019, 429, 90
80989, 477, 138
80909, 729, 187
81017, 628, 163
80963, 572, 128
81043, 264, 56
80819, 808, 202
80933, 587, 157
81097, 333, 71
81049, 402, 91
80831, 701, 134
80911, 445, 95
81041, 719, 139
81083, 664, 108
80783, 704, 163
81101, 663, 146
81163, 225, 66
81157, 304, 101
81173, 497, 98
81181, 413, 84
81197, 620, 115
81077, 648, 214
81031, 453, 98
81283, 133, 44
81203, 424, 92
81307, 255, 47
81047, 590, 110
81131, 751, 155
81223, 307, 48
81023, 578, 131
81233, 591, 127
81349, 364, 90
81293, 580, 152
81331, 447, 99
81199, 516, 103
81343, 129, 33
81281, 745, 206
81071, 717, 157
81373, 260, 74
81421, 394, 85
81457, 295, 77
81353, 627, 176
81517, 181, 53
81409, 429, 133
81299, 752, 156
81463, 231, 52
81547, 197, 50
81401, 708, 192
81533, 514, 108
81553, 251, 69
81239, 712, 140
81439, 407, 73
81637, 307, 72
81119, 741, 193
81509, 809, 158
81559, 358, 58
81629, 638, 130
81371, 767, 214
81649, 488, 125
81359, 726, 138
81563, 556, 121
81667, 214, 67
81569, 655, 172
81677, 617, 141
81619, 541, 130
81701, 709, 174
81817, 288, 55
81527, 620, 149
81551, 789, 150
81769, 536, 115
81853, 208, 58
81727, 340, 58
81737, 601, 160
81707, 579, 117
81689, 790, 239
81761, 694, 119
81611, 782, 222
81703, 223, 59
81749, 714, 212
81799, 307, 73
81773, 663, 189
81937, 174, 36
81883, 313, 64
81647, 457, 116
81869, 690, 147
81901, 520, 107
81671, 749, 139
81847, 423, 90
81973, 158, 43
81953, 587, 111
82009, 293, 60
81943, 324, 65
81929, 771, 155
82021, 384, 80
81967, 293, 54
82003, 358, 67
81931, 416, 107
82013, 644, 117
81899, 698, 155
82037, 558, 124
82051, 392, 72
82153, 151, 49
81971, 763, 128
81919, 469, 107
82129, 306, 82
82141, 372, 93
82073, 681, 166
82189, 531, 106
82067, 471, 100
81839, 798, 173
82007, 676, 141
82237, 242, 52
82171, 311, 90
82217, 412, 81
82219, 392, 82
82039, 373, 94
82163, 636, 149
82261, 436, 87
82193, 576, 145
82183, 388, 62
82139, 753, 147
82207, 176, 47
82267, 262, 91
82387, 277, 42
82231, 440, 89
82393, 213, 64
82349, 609, 144
82457, 493, 76
82223, 470, 112
82307, 616, 111
82373, 521, 123
82031, 756, 168
82241, 739, 215
82339, 459, 108
82301, 720, 162
82279, 459, 80
82483, 188, 50
82361, 761, 225
82507, 308, 59
82469, 818, 213
82421, 755, 208
82351, 409, 102
82471, 414, 78
82531, 328, 75
82549, 469, 117
82561, 344, 97
82609, 421, 80
82493, 512, 138
82657, 234, 55
82567, 270, 50
82487, 464, 113
82633, 205, 65
82699, 324, 75
82651, 528, 96
82613, 433, 126
82529, 774, 244
82723, 208, 48
82591, 359, 79
82499, 789, 201
82601, 810, 222
82571, 602, 137
82729, 462, 134
82721, 723, 197
82559, 770, 149
82463, 690, 151
82813, 185, 48
82793, 682, 122
82757, 654, 160
82727, 469, 56
82763, 527, 101
82837, 298, 89
82619, 688, 180
82781, 746, 220
82787, 541, 139
82963, 234, 78
82903, 223, 45
82889, 716, 152
82981, 441, 112
82891, 567, 124
82939, 448, 113
83077, 147, 35
82883, 514, 141
83059, 288, 54
82913, 642, 167
82811, 746, 194
82997, 614, 158
83003, 531, 109
82759, 521, 137
82847, 578, 90
83023, 297, 59
83101, 447, 75
83089, 437, 81
83137, 288, 69
83009, 767, 210
83227, 266, 55
83203, 332, 70
83117, 368, 113
83047, 286, 67
83233, 242, 95
83093, 592, 141
83221, 410, 121
83257, 197, 62
83071, 496, 100
83269, 481, 103
83273, 477, 88
82799, 746, 200
83177, 695, 164
83063, 641, 118
83341, 330, 75
83243, 580, 128
83267, 576, 136
83357, 539, 109
83389, 347, 102
83437, 347, 79
83383, 182, 47
83401, 441, 122
83299, 496, 132
83449, 354, 81
83207, 455, 106
83407, 245, 44
83219, 679, 192
83311, 499, 89
83417, 498, 148
83339, 735, 159
83497, 260, 66
83443, 283, 71
83231, 635, 128
83477, 556, 110
83563, 233, 65
83617, 281, 63
83557, 246, 80
83561, 714, 144
83423, 649, 115
83653, 194, 70
83431, 516, 108
83537, 583, 178
83609, 646, 124
83597, 518, 158
83701, 431, 68
83689, 378, 93
83737, 197, 68
83641, 570, 154
83773, 268, 68
83399, 864, 166
83459, 781, 190
83833, 317, 57
83761, 441, 114
83857, 191, 47
83579, 669, 193
83813, 439, 77
83777, 489, 100
83621, 793, 215
83717, 701, 168
83869, 429, 99
83791, 286, 56
83843, 490, 83
83663, 543, 106
83719, 409, 87
83873, 468, 109
83471, 687, 168
83933, 471, 104
83983, 291, 57
83591, 809, 178
83987, 527, 111
84053, 552, 112
83939, 694, 121
83911, 388, 79
84067, 255, 54
84121, 345, 69
83969, 776, 190
84017, 596, 170
84061, 446, 116
83921, 727, 201
83891, 689, 180
84011, 743, 175
84089, 650, 133
83903, 678, 110
84137, 473, 103
83639, 716, 211
84181, 358, 84
84127, 403, 70
84163, 363, 81
84211, 582, 107
84313, 228, 60
84221, 777, 151
84229, 426, 98
84143, 374, 75
84247, 135, 42
84307, 195, 65
84059, 811, 250
84179, 799, 180
84047, 560, 147
84317, 669, 152
84131, 689, 182
84349, 434, 100
84199, 340, 100
84223, 313, 87
84421, 460, 105
84377, 507, 135
84263, 591, 92
84347, 607, 130
84389, 732, 157
84401, 766, 157
84319, 447, 85
84457, 414, 76
84437, 479, 117
84407, 389, 74
84191, 807, 197
84463, 207, 39
84299, 782, 243
84391, 455, 101
84481, 409, 112
84449, 832, 171
84239, 753, 167
84443, 619, 148
84523, 262, 66
84467, 500, 104
84533, 506, 109
84589, 461, 80
84649, 326, 86
84499, 504, 115
84697, 238, 55
84673, 294, 72
84521, 703, 214
84653, 667, 122
84509, 756, 250
84701, 664, 117
84793, 226, 40
84631, 508, 88
84737, 551, 135
84691, 485, 112
84713, 579, 146
84431, 838, 172
84629, 844, 270
84503, 560, 114
84559, 452, 114
84787, 334, 88
84659, 760, 171
84857, 432, 115
84859, 295, 58
84751, 504, 95
84827, 505, 100
84913, 230, 76
84761, 851, 235
84869, 711, 141
84961, 466, 94
84551, 708, 149
84811, 411, 124
84809, 830, 199
84947, 488, 117
84967, 242, 48
84731, 778, 207
85009, 353, 75
84977, 629, 123
84979, 292, 68
84991, 334, 78
85027, 292, 80
85093, 267, 72
85037, 736, 156
85021, 547, 136
84871, 376, 73
84919, 575, 92
85087, 250, 45
85061, 735, 163
84719, 751, 185
85081, 566, 140
85213, 228, 56
85147, 415, 96
85133, 599, 121
85201, 527, 95
85243, 151, 38
85193, 519, 142
85159, 485, 64
85049, 775, 214
85237, 345, 92
85103, 628, 92
85121, 721, 190
85297, 221, 60
85109, 823, 219
85333, 225, 67
85369, 394, 63
85229, 741, 182
85313, 609, 126
85381, 571, 112
85363, 230, 63
85091, 790, 231
85303, 241, 42
85429, 368, 74
85453, 212, 67
85411, 471, 105
85247, 609, 98
85513, 303, 79
85447, 217, 60
85259, 664, 179
85331, 805, 182
85361, 711, 210
85549, 550, 90
85451, 638, 118
85199, 744, 158
85223, 600, 133
85597, 302, 81
85517, 638, 141
85523, 513, 100
85427, 615, 165
85577, 526, 121
85469, 782, 200
85531, 526, 156
85717, 245, 42
85627, 239, 68
85621, 497, 102
85669, 392, 91
85733, 550, 101
85439, 799, 164
85601, 750, 191
85607, 557, 89
85619, 771, 145
85793, 508, 90
85661, 753, 127
85639, 373, 77
85691, 703, 135
85571, 798, 212
85487, 627, 141
85817, 664, 142
85837, 179, 53
85667, 699, 154
85843, 285, 58
85703, 560, 69
85819, 489, 112
85643, 666, 170
85933, 248, 68
85909, 403, 105
85711, 452, 120
85781, 709, 210
86017, 258, 49
85853, 484, 120
85829, 770, 200
85831, 459, 85
85889, 736, 191
86029, 324, 96
85999, 382, 70
86077, 313, 81
85903, 215, 58
85751, 770, 159
86011, 404, 73
86113, 236, 53
86083, 348, 50
86137, 442, 75
86027, 644, 129
85847, 547, 100
86069, 765, 188
86117, 451, 124
86197, 190, 45
86161, 424, 92
86143, 222, 51
86179, 401, 86
86209, 425, 96
86131, 383, 112
86257, 260, 81
86293, 246, 59
86269, 479, 82
86263, 218, 52
86171, 710, 169
85931, 792, 244
86353, 171, 49
86249, 704, 162
86201, 666, 185
86323, 242, 70
85991, 749, 176
86287, 192, 50
86297, 741, 122
86243, 562, 145
86341, 379, 105
86111, 742, 119
86183, 520, 106
86239, 522, 139
86389, 527, 107
86413, 213, 63
86461, 268, 65
86311, 452, 92
86357, 635, 159
86381, 705, 151
86467, 267, 66
86371, 520, 133
86291, 855, 201
86509, 334, 84
86533, 220, 69
86491, 425, 95
86587, 267, 60
86453, 634, 179
86573, 458, 113
86477, 652, 181
86369, 828, 267
86423, 627, 113
86539, 476, 118
86677, 324, 77
86689, 263, 59
86501, 834, 246
86629, 464, 93
86441, 755, 253
86561, 742, 191
86627, 542, 88
86599, 362, 66
86531, 751, 130
86351, 739, 154
86857, 192, 52
86693, 605, 153
86399, 743, 187
86923, 120, 20
86837, 544, 129
86753, 643, 172
86579, 754, 202
86851, 528, 105
86729, 722, 189
86767, 289, 50
86743, 311, 89
86843, 610, 131
86813, 620, 178
86783, 369, 64
86869, 432, 130
86929, 474, 112
86771, 639, 122
87037, 146, 43
86711, 801, 148
87013, 312, 60
86861, 738, 209
86969, 665, 112
86993, 459, 99
86719, 512, 115
87049, 559, 100
86927, 513, 92
87133, 228, 71
87103, 255, 46
87011, 673, 122
86981, 683, 196
86959, 347, 82
87041, 678, 222
87187, 253, 57
87121, 344, 108
86939, 802, 226
87253, 190, 53
87107, 518, 133
87181, 574, 130
87211, 290, 90
87151, 463, 69
87277, 194, 52
87221, 773, 164
87083, 636, 178
86951, 741, 152
87179, 761, 155
87257, 492, 89
87149, 834, 251
87313, 330, 72
87119, 735, 110
87223, 210, 55
87337, 277, 63
87293, 522, 140
87251, 720, 171
87427, 290, 63
87403, 382, 61
87433, 185, 72
87481, 393, 78
87323, 502, 95
87317, 670, 158
87473, 466, 98
87281, 837, 239
87421, 505, 116
87517, 270, 57
87553, 169, 40
87071, 841, 211
87523, 233, 51
87299, 765, 201
87509, 704, 145
87557, 478, 88
87541, 410, 116
87547, 238, 53
87443, 456, 123
87613, 204, 42
87511, 302, 71
87407, 450, 95
87383, 661, 128
87589, 526, 138
87539, 769, 134
87583, 188, 51
87587, 455, 109
87649, 440, 101
87641, 700, 126
87697, 265, 84
87691, 422, 80
87491, 841, 229
87643, 364, 72
87683, 494, 71
87629, 692, 158
87721, 582, 97
87739, 336, 89
87679, 405, 62
87631, 311, 69
87793, 355, 80
87559, 390, 97
87623, 711, 114
87701, 724, 191
87359, 784, 198
87833, 494, 98
87853, 267, 69
87877, 207, 58
87797, 511, 141
87751, 342, 77
87917, 448, 75
87803, 512, 111
87811, 532, 136
87973, 249, 58
87767, 578, 110
87931, 505, 86
88003, 135, 60
87961, 459, 100
87869, 733, 181
87943, 171, 55
87719, 715, 138
87743, 529, 122
87977, 612, 132
87887, 599, 88
87671, 776, 197
88001, 711, 169
88117, 335, 72
88069, 389, 89
88093, 233, 78
87881, 769, 227
88037, 643, 135
88237, 182, 42
87991, 473, 77
88177, 178, 76
88129, 400, 105
88169, 713, 139
88321, 454, 97
88019, 807, 189
88337, 497, 111
88261, 523, 125
88223, 438, 52
88397, 555, 97
88327, 287, 57
87959, 772, 156
88411, 313, 56
88339, 398, 93
88301, 696, 178
88211, 803, 167
88259, 684, 144
87911, 700, 175
88289, 741, 224
88241, 860, 265
88007, 667, 156
88423, 168, 40
88513, 335, 84
88379, 710, 165
88493, 552, 153
88471, 363, 78
88657, 316, 60
88463, 538, 79
88427, 600, 138
88609, 401, 74
88079, 824, 207
88589, 711, 158
88643, 541, 92
88547, 591, 117
88523, 630, 139
88469, 746, 266
88729, 457, 79
88681, 425, 125
88499, 680, 147
88663, 211, 36
88651, 453, 114
88661, 678, 159
88741, 415, 87
88747, 302, 54
88667, 507, 106
88789, 549, 86
88771, 400, 66
88813, 317, 75
88607, 611, 106
88793, 511, 110
88873, 169, 48
88801, 392, 99
88817, 501, 103
88591, 562, 123
88853, 582, 86
88897, 334, 75
88867, 201, 45
88861, 299, 87
88819, 441, 90
88843, 353, 103
88993, 144, 41
88807, 273, 61
88721, 821, 256
88883, 468, 103
88937, 673, 143
88811, 753, 141
89017, 181, 64
89041, 476, 74
88969, 337, 112
88903, 231, 63
89083, 209, 42
89057, 432, 105
89069, 729, 139
89107, 223, 44
89009, 694, 134
88951, 454, 67
89113, 253, 73
89021, 761, 145
89003, 548, 125
88997, 640, 172
89137, 335, 90
89101, 476, 136
89153, 529, 86
89051, 759, 151
89203, 207, 45
89071, 349, 91
89209, 540, 128
89227, 311, 70
89119, 421, 67
88799, 820, 204
89189, 784, 139
89213, 463, 124
89317, 248, 75
89269, 321, 85
89293, 274, 68
89273, 483, 101
89237, 566, 120
89123, 501, 150
89329, 461, 94
89413, 287, 54
88919, 822, 208
89087, 573, 121
89363, 581, 107
89261, 815, 188
89371, 575, 107
89443, 368, 85
89393, 529, 114
89449, 475, 107
89381, 737, 171
89387, 560, 104
89417, 613, 151
89477, 468, 118
89533, 182, 48
89303, 432, 83
89563, 165, 50
89513, 529, 125
89491, 528, 107
89521, 399, 125
89653, 142, 34
89527, 231, 52
89431, 379, 90
89597, 672, 146
89231, 762, 157
89501, 672, 181
89611, 334, 60
89459, 703, 172
89567, 486, 86
89633, 445, 122
89657, 680, 149
89561, 839, 259
89399, 741, 171
89681, 640, 129
89659, 280, 68
89797, 202, 45
89689, 402, 89
89627, 506, 135
89599, 465, 109
89821, 551, 107
89603, 615, 148
89833, 320, 70
89753, 566, 140
89779, 488, 104
89809, 381, 118
89669, 750, 196
89767, 224, 63
89671, 468, 97
89591, 751, 146
89519, 801, 191
89819, 665, 113
89917, 211, 63
89923, 210, 45
89849, 675, 146
89783, 615, 101
89867, 534, 92
89897, 518, 132
90001, 371, 82
89839, 519, 73
89989, 415, 79
89899, 592, 138
89977, 395, 116
90007, 199, 45
90017, 580, 105
89909, 834, 203
89891, 809, 175
89959, 482, 69
90073, 229, 65
89759, 774, 176
90053, 547, 160
89983, 298, 70
90019, 430, 117
89939, 707, 174
90121, 290, 93
89963, 558, 151
90127, 234, 46
90067, 281, 82
90031, 406, 64
90187, 154, 43
90163, 207, 65
90217, 316, 63
90059, 758, 166
90011, 826, 225
90071, 651, 95
90173, 613, 145
90197, 640, 119
90107, 649, 166
90089, 778, 244
90149, 695, 180
90023, 532, 100
90227, 454, 84
90199, 446, 65
90313, 180, 79
90203, 584, 143
90247, 239, 47
90289, 417, 111
90373, 320, 98
90397, 238, 71
90353, 614, 137
90379, 461, 57
90403, 197, 45
90437, 577, 106
90281, 818, 162
90469, 349, 73
90481, 529, 124
90547, 266, 58
90371, 731, 159
90271, 459, 85
90523, 214, 78
90473, 432, 115
90401, 803, 216
90191, 807, 176
90511, 381, 63
90533, 538, 117
90407, 436, 96
90439, 394, 85
90583, 308, 59
90499, 503, 125
90529, 557, 143
90239, 773, 159
90263, 631, 144
90617, 552, 101
90787, 160, 44
90697, 315, 93
90677, 460, 113
90619, 517, 107
90793, 340, 98
90709, 361, 111
90703, 277, 45
90641, 658, 178
90679, 530, 79
90527, 540, 127
90359, 746, 192
90631, 434, 72
90841, 433, 113
90749, 810, 203
90599, 623, 118
90821, 701, 179
90833, 611, 136
90803, 506, 108
90647, 621, 104
90731, 681, 133
90901, 391, 105
90659, 838, 201
90907, 148, 48
90847, 201, 40
90823, 305, 82
90997, 217, 59
90931, 460, 75
90917, 545, 117
91033, 197, 66
91009, 530, 117
91081, 397, 73
90977, 630, 167
90863, 473, 90
91129, 351, 93
91141, 356, 84
91099, 388, 89
91097, 481, 121
90989, 738, 149
90947, 712, 161
91153, 334, 119
91121, 778, 161
91019, 583, 141
90971, 809, 188
91249, 311, 38
90887, 580, 119
91193, 478, 94
91237, 261, 66
90911, 769, 135
91243, 201, 74
91127, 635, 108
91183, 272, 67
91163, 536, 112
91253, 620, 113
91297, 308, 91
91159, 495, 110
91393, 284, 77
91309, 417, 104
91151, 754, 135
91139, 767, 206
91369, 371, 97
91291, 525, 106
91387, 341, 69
91283, 607, 130
91303, 273, 53
91397, 443, 102
91079, 797, 153
91381, 421, 99
91229, 784, 239
91331, 604, 115
91373, 698, 155
91411, 337, 81
91513, 164, 38
91453, 218, 63
91457, 581, 108
91433, 554, 119
91459, 376, 88
91573, 281, 65
91423, 279, 77
91529, 704, 155
91499, 688, 97
91199, 773, 173
91673, 571, 108
91621, 576, 154
91493, 691, 186
91577, 583, 153
91367, 548, 132
91463, 454, 79
91541, 804, 194
91753, 386, 86
91733, 493, 115
91639, 362, 81
91571, 803, 190
91591, 349, 78
91837, 238, 56
91771, 442, 78
91813, 289, 81
91583, 603, 105
91691, 708, 179
91711, 385, 65
91807, 277, 56
91801, 511, 110
91757, 641, 157
91873, 198, 65
91921, 360, 77
91909, 431, 86
91703, 690, 130
91957, 204, 66
91781, 805, 218
91867, 343, 94
91939, 434, 69
91841, 825, 191
91631, 703, 139
91811, 650, 138
91969, 255, 78
92077, 305, 55
92033, 616, 97
92009, 642, 124
92041, 398, 84
92107, 212, 46
92173, 228, 50
91823, 716, 126
91997, 590, 153
92003, 602, 123
91961, 772, 164
92083, 331, 84
91967, 520, 80
92233, 200, 43
92177, 643, 121
91943, 441, 95
91951, 428, 89
92203, 182, 56
92227, 162, 40
92143, 389, 59
92051, 705, 151
92269, 359, 51
92179, 492, 103
92317, 231, 40
92119, 370, 91
92153, 661, 199
92237, 586, 165
92243, 559, 92
92221, 518, 136
92189, 581, 190
92353, 356, 77
92347, 208, 54
92297, 658, 150
92251, 359, 94
92357, 397, 91
92377, 281, 77
92219, 838, 193
92383, 143, 33
92401, 438, 82
92333, 577, 150
92413, 232, 75
92311, 468, 94
92381, 744, 129
92467, 195, 33
92387, 562, 126
92363, 599, 138
92461, 434, 98
92369, 851, 197
92593, 256, 44
92557, 191, 82
92111, 806, 182
92419, 461, 109
92569, 389, 96
92503, 189, 51
92581, 423, 125
92489, 632, 155
92507, 651, 122
92623, 153, 37
92431, 435, 88
92551, 535, 85
92479, 473, 99
92647, 282, 49
92657, 481, 100
92641, 493, 130
92459, 738, 206
92627, 684, 157
92683, 230, 57
92737, 209, 48
92669, 659, 172
92761, 357, 77
92717, 499, 105
92707, 335, 85
92399, 788, 196
92681, 816, 217
92723, 517, 85
92753, 454, 112
92821, 350, 75
92779, 375, 73
92693, 644, 172
92857, 243, 48
92567, 613, 152
92671, 453, 95
92789, 669, 158
92809, 404, 104
92639, 842, 145
92767, 231, 62
92801, 656, 116
92893, 191, 60
92863, 327, 47
92899, 441, 67
92699, 770, 201
92849, 802, 198
92941, 627, 126
93001, 458, 109
92957, 568, 122
92921, 669, 165
93053, 580, 87
92861, 757, 188
92791, 536, 126
92987, 397, 75
92993, 573, 137
93097, 275, 52
92927, 579, 102
92867, 608, 150
93133, 322, 76
92831, 714, 101
92959, 363, 72
93047, 416, 65
93059, 736, 150
93113, 585, 142
93139, 390, 89
93241, 368, 75
93083, 649, 138
93077, 710, 207
93103, 358, 78
93187, 275, 75
93229, 417, 121
93169, 424, 121
93253, 266, 71
93151, 297, 55
93179, 639, 103
93283, 180, 49
93307, 150, 28
93089, 834, 234
93131, 715, 178
93337, 282, 69
93199, 463, 82
93257, 515, 123
93251, 743, 132
92951, 761, 181
93377, 499, 100
93319, 431, 48
93427, 196, 53
93329, 691, 167
93493, 287, 59
93281, 738, 184
93481, 287, 73
93323, 712, 150
93263, 548, 113
93487, 209, 44
93553, 144, 59
93371, 708, 179
93463, 287, 73
93529, 486, 87
93523, 201, 61
93497, 610, 129
93557, 627, 116
93419, 776, 155
93601, 475, 111
93239, 717, 184
93637, 187, 67
93503, 496, 72
93383, 483, 110
93581, 582, 152
93563, 607, 118
93287, 664, 155
93559, 411, 56
93407, 600, 105
93629, 776, 156
93491, 742, 206
93787, 186, 50
93703, 259, 49
93739, 510, 97
93479, 752, 138
93683, 608, 121
93763, 213, 69
93607, 336, 73
93811, 459, 86
93809, 762, 173
93701, 730, 218
93937, 286, 59
93871, 344, 49
93913, 357, 68
93901, 409, 84
93889, 403, 97
93893, 605, 119
93949, 306, 75
93761, 822, 208
93997, 279, 59
94033, 234, 48
93851, 811, 205
93827, 501, 109
93979, 387, 73
93923, 447, 108
94009, 321, 94
93941, 663, 152
94057, 222, 76
94117, 241, 54
94049, 744, 154
93971, 624, 106
93967, 282, 76
94153, 217, 62
94007, 540, 82
94063, 305, 61
94099, 322, 94
93983, 583, 87
94109, 685, 105
94201, 533, 128
93887, 697, 123
94273, 251, 50
93719, 745, 192
94207, 205, 44
94219, 307, 74
94229, 715, 160
94253, 542, 137
94169, 729, 223
94309, 406, 78
94291, 390, 79
94327, 272, 47
94321, 454, 103
94261, 444, 137
94121, 810, 257
94151, 675, 113
93911, 757, 167
94111, 522, 113
94307, 506, 113
94397, 602, 122
94441, 427, 75
94477, 226, 71
94513, 158, 49
94427, 447, 71
94483, 330, 57
94447, 219, 43
94399, 472, 65
94079, 750, 179
94349, 790, 215
94433, 712, 189
94421, 760, 209
94343, 607, 110
94529, 658, 140
94543, 174, 41
94351, 382, 93
94561, 422, 93
94331, 821, 249
94531, 473, 93
94573, 250, 65
94693, 220, 38
94379, 838, 216
94621, 492, 91
94597, 329, 111
94439, 643, 116
94603, 227, 69
94651, 411, 71
94613, 635, 139
94547, 604, 134
94777, 191, 48
94463, 523, 106
94541, 755, 230
94723, 329, 76
94747, 330, 66
94649, 781, 197
94789, 448, 94
94837, 293, 49
94687, 247, 73
94873, 178, 45
94781, 680, 149
94583, 422, 114
94819, 459, 96
94933, 192, 61
94849, 395, 95
94771, 511, 142
94709, 846, 242
94889, 659, 140
94793, 662, 186
94993, 229, 56
94559, 769, 139
94907, 535, 100
94903, 326, 57
94841, 759, 236
94847, 573, 85
94823, 632, 111
94811, 702, 196
94999, 384, 64
94949, 785, 195
95083, 270, 76
95089, 305, 84
94727, 721, 152
95003, 633, 141
95027, 585, 112
95071, 323, 57
94961, 740, 227
95101, 342, 105
95093, 524, 134
95021, 730, 198
95009, 726, 198
95131, 412, 104
95153, 483, 94
95107, 277, 82
95203, 269, 55
94951, 558, 117
95233, 188, 58
95257, 296, 50
95177, 558, 124
95087, 470, 92
95143, 282, 70
95063, 534, 116
95213, 598, 145
95239, 396, 75
95189, 830, 223
95317, 355, 107
95267, 569, 128
95273, 657, 150
95261, 747, 207
95191, 477, 107
95393, 565, 96
95401, 358, 96
95219, 676, 163
95111, 764, 164
95413, 311, 104
95383, 279, 59
95369, 772, 181
95287, 336, 72
95461, 325, 53
95419, 381, 81
95327, 548, 103
95467, 176, 43
95443, 319, 74
95311, 370, 87
95231, 744, 143
95279, 800, 147
95441, 616, 143
95339, 838, 207
95617, 221, 47
95581, 332, 82
95569, 349, 96
95429, 723, 182
95483, 461, 95
95539, 329, 88
95597, 634, 157
95561, 710, 175
95713, 255, 53
95527, 277, 59
95701, 333, 73
95629, 549, 126
95479, 353, 72
95531, 790, 141
95603, 641, 109
95549, 748, 206
95507, 554, 153
95621, 688, 144
95707, 327, 68
95737, 159, 53
95633, 505, 156
95773, 286, 62
95803, 170, 32
95717, 600, 153
95747, 410, 74
95857, 191, 53
95813, 564, 119
95869, 370, 68
95789, 691, 150
95731, 404, 110
95881, 295, 95
95723, 619, 145
95923, 246, 55
95873, 622, 119
95929, 329, 83
95917, 324, 75
95947, 142, 41
95801, 788, 233
95957, 529, 99
96013, 159, 40
95651, 794, 250
95791, 415, 83
95971, 420, 71
95911, 497, 93
95783, 684, 122
96097, 221, 56
95471, 759, 181
95891, 657, 140
96001, 451, 110
95989, 411, 99
95959, 334, 69
96043, 282, 65
95819, 752, 174
96157, 274, 74
96181, 459, 85
96017, 532, 118
95987, 502, 129
96079, 429, 75
96053, 678, 149
96149, 654, 115
96259, 308, 61
96233, 452, 82
96137, 550, 136
96211, 420, 88
96223, 310, 57
96337, 216, 67
96221, 667, 152
96293, 515, 95
96289, 397, 87
96167, 502, 78
96179, 750, 159
96331, 367, 53
96353, 584, 117
96377, 542, 117
96281, 768, 186
96457, 219, 54
96059, 747, 206
96493, 190, 60
96401, 754, 162
96269, 798, 223
96199, 465, 101
96419, 739, 146
96329, 823, 212
96469, 468, 63
96517, 194, 50
96451, 349, 83
96553, 264, 60
96497, 484, 87
96323, 600, 186
96443, 684, 129
96461, 814, 188
96263, 602, 111
96601, 391, 74
96589, 443, 82
96667, 327, 57
96643, 327, 73
96487, 337, 70
96661, 343, 98
96697, 333, 81
96557, 623, 146
96757, 177, 52
96581, 780, 161
96587, 639, 113
96737, 619, 136
96527, 461, 97
96763, 275, 67
96769, 501, 73
96787, 188, 43
96739, 392, 106
96749, 735, 175
96703, 328, 71
96431, 702, 175
96797, 617, 127
96847, 177, 44
96907, 207, 47
96973, 227, 47
96779, 710, 129
96479, 670, 163
96731, 804, 214
96821, 806, 192
96823, 284, 56
96931, 532, 82
96827, 649, 149
96953, 608, 168
96893, 623, 153
96857, 573, 151
96671, 788, 158
96997, 365, 84
96979, 444, 74
97021, 289, 67
97003, 262, 53
97073, 525, 93
97117, 193, 57
97001, 669, 144
96799, 471, 120
97177, 147, 50
97081, 583, 149
97157, 555, 102
96959, 691, 145
96989, 861, 217
97213, 311, 65
97039, 487, 83
96851, 806, 247
97169, 758, 168
97007, 568, 106
97171, 452, 95
96911, 717, 169
97381, 372, 63
97373, 617, 137
97303, 217, 65
97241, 746, 154
97127, 695, 105
97369, 500, 114
97283, 706, 160
97187, 688, 175
97387, 290, 66
97301, 840, 225
97103, 599, 132
97327, 250, 63
97159, 548, 118
97441, 337, 57
97367, 589, 112
97453, 175, 54
97259, 754, 171
97429, 417, 100
97231, 561, 92
97397, 613, 169
97379, 770, 170
97423, 311, 63
97549, 431, 84
97501, 502, 121
97553, 499, 94
97151, 745, 185
97577, 582, 112
97561, 535, 106
97459, 453, 124
97609, 484, 96
97547, 540, 130
97651, 388, 76
97579, 547, 115
97777, 211, 44
97463, 514, 89
97729, 403, 84
97813, 258, 42
97523, 706, 167
97607, 511, 84
97771, 302, 57
97673, 627, 142
97687, 269, 50
97649, 766, 252
97613, 729, 208
97789, 551, 154
97843, 180, 40
97571, 632, 169
97499, 837, 232
97849, 364, 94
97861, 357, 79
97787, 701, 146
97511, 788, 174
97927, 201, 37
97583, 579, 132
97841, 794, 155
97711, 403, 110
97829, 785, 187
97883, 480, 79
97973, 537, 92
97879, 328, 70
97987, 272, 61
98011, 387, 66
97931, 669, 128
98041, 362, 101
97961, 749, 171
98017, 387, 94
98009, 714, 134
98057, 493, 107
98101, 423, 85
97859, 691, 163
97871, 751, 126
97847, 663, 124
98081, 716, 133
97943, 610, 121
98123, 479, 92
98221, 422, 60
98143, 166, 47
98179, 294, 68
98047, 216, 49
98317, 253, 46
98257, 270, 65
97967, 581, 103
98269, 424, 116
98227, 276, 70
98213, 523, 119
98377, 214, 61
98323, 234, 60
98389, 297, 61
98299, 355, 86
98129, 737, 180
98347, 237, 62
98407, 215, 28
98297, 604, 161
98251, 590, 120
98443, 146, 39
98321, 692, 163
98473, 253, 62
98387, 571, 98
98467, 203, 47
98533, 266, 60
98207, 654, 120
98429, 585, 93
98419, 518, 89
97919, 803, 192
98453, 615, 155
98369, 760, 211
98491, 577, 99
98327, 498, 109
98563, 337, 77
50053, 199, 66
50077, 264, 95
50033, 540, 123
50177, 615, 134
50101, 502, 135
50093, 642, 143
50131, 365, 94
50153, 488, 143
50047, 288, 65
50129, 771, 190
50023, 344, 82
50087, 527, 103
50227, 248, 80
50051, 731, 184
50069, 727, 240
50123, 558, 150
50119, 400, 91
50147, 498, 141
50221, 429, 122
50021, 793, 252
50273, 531, 171
50341, 417, 100
50263, 211, 55
50377, 273, 93
50261, 821, 211
50329, 351, 124
50383, 274, 38
50159, 717, 165
50287, 384, 82
50207, 502, 130
50333, 723, 226
50359, 348, 71
50411, 663, 137
50363, 544, 128
50497, 233, 80
50321, 738, 271
50417, 485, 131
50291, 741, 182
50311, 592, 134
50387, 711, 177
50461, 343, 128
50513, 424, 111
50111, 785, 226
50527, 242, 49
50593, 207, 72
50539, 302, 92
50581, 376, 106
50503, 202, 46
50549, 660, 162
50587, 213, 67
50441, 840, 299
50647, 193, 38
50231, 704, 213
50423, 585, 140
50773, 293, 71
50627, 466, 122
50683, 438, 118
50459, 796, 247
50551, 442, 94
50707, 229, 68
50723, 656, 137
50741, 596, 166
50671, 332, 79
50821, 421, 105
50777, 513, 138
50857, 262, 60
50833, 386, 121
50767, 343, 80
50599, 528, 160
50753, 575, 202
50543, 621, 199
50893, 205, 69
50789, 778, 216
50873, 593, 147
50849, 728, 187
50929, 401, 88
50651, 746, 266
50971, 416, 82
50867, 420, 137
50989, 480, 118
50591, 741, 182
50923, 241, 84
50957, 568, 130
51001, 278, 85
51043, 152, 58
50891, 779, 171
50993, 533, 127
50969, 776, 160
50909, 762, 223
51157, 199, 62
51109, 335, 80
51133, 274, 81
50839, 494, 123
51193, 278, 68
51031, 435, 75
51137, 502, 132
51061, 541, 148
51217, 217, 94
51241, 314, 81
51059, 756, 178
51197, 520, 136
51283, 192, 50
51199, 404, 74
51169, 519, 159
51229, 465, 134
51151, 439, 83
51307, 254, 71
51257, 618, 173
51131, 725, 213
51349, 398, 81
51203, 471, 158
51361, 424, 99
51343, 205, 56
51329, 800, 216
51047, 665, 193
50951, 824, 227
51263, 555, 112
51347, 675, 133
51421, 484, 126
51071, 689, 192
51413, 583, 156
51437, 549, 130
51341, 796, 240
51427, 354, 115
51287, 414, 115
51517, 221, 73
51449, 654, 209
51473, 484, 141
51419, 750, 198
51239, 734, 228
51439, 387, 93
51461, 618, 128
51481, 387, 102
51407, 490, 117
51487, 260, 48
51577, 147, 52
51383, 540, 123
51613, 216, 60
51521, 712, 192
51563, 554, 129
51431, 792, 164
51637, 242, 93
51673, 253, 92
51593, 546, 164
51511, 342, 95
51503, 621, 122
51539, 612, 175
51607, 390, 93
51683, 479, 122
51713, 668, 149
51581, 788, 268
51647, 529, 93
51721, 388, 117
51479, 868, 250
51691, 496, 151
51769, 434, 107
51787, 278, 56
51797, 481, 115
51551, 660, 160
51631, 516, 121
51817, 297, 95
51659, 667, 218
51679, 504, 135
51829, 285, 80
51853, 322, 85
51913, 242, 60
51749, 749, 268
51599, 690, 175
51907, 187, 50
51803, 447, 136
51767, 522, 123
51859, 383, 130
51893, 530, 167
51973, 326, 101
51949, 546, 131
51929, 664, 189
51827, 711, 203
51941, 722, 157
52009, 446, 106
52057, 162, 50
51871, 514, 112
52021, 534, 119
52027, 239, 69
51869, 706, 245
51977, 702, 189
51991, 376, 61
51719, 669, 205
51899, 774, 195
52081, 494, 95
51839, 745, 168
52067, 432, 96
52147, 248, 70
52051, 501, 129
52177, 251, 81
52153, 258, 89
52189, 398, 100
52069, 481, 136
52237, 198, 69
52249, 434, 97
52201, 456, 109
52163, 454, 140
52253, 546, 159
51971, 792, 243
52183, 248, 72
52121, 741, 240
52267, 271, 97
52313, 607, 129
52369, 294, 79
52291, 460, 116
52363, 286, 68
52103, 675, 166
52127, 609, 129
52321, 528, 157
52301, 734, 201
52453, 189, 58
52181, 804, 275
52361, 713, 168
52387, 196, 60
52259, 726, 179
52501, 281, 79
52289, 749, 241
52223, 603, 119
52489, 380, 124
52561, 338, 96
52457, 521, 141
52553, 596, 138
52627, 255, 65
52609, 383, 89
52567, 143, 41
52433, 682, 206
52517, 450, 131
52579, 372, 96
52543, 367, 70
52379, 775, 255
52541, 701, 204
52529, 750, 201
52697, 594, 128
52673, 494, 149
52571, 771, 192
52733, 480, 128
52747, 285, 88
52691, 637, 153
52711, 451, 74
52837, 174, 49
52511, 811, 196
52639, 352, 100
52721, 735, 193
52391, 761, 187
52813, 267, 85
52709, 799, 247
52583, 540, 173
52667, 657, 211
52757, 619, 183
52817, 480, 136
52783, 201, 61
52807, 303, 73
52861, 526, 126
52957, 161, 54
52769, 738, 235
52903, 203, 48
52859, 705, 148
52727, 566, 137
52981, 306, 101
52889, 694, 190
52963, 261, 76
52937, 564, 183
52973, 563, 157
52901, 836, 207
52879, 519, 76
53017, 307, 76
52631, 729, 212
52883, 655, 183
53113, 232, 48
53077, 284, 87
53047, 294, 56
52999, 362, 64
53003, 504, 138
53089, 458, 127
53101, 367, 101
53069, 770, 201
53173, 357, 87
53149, 353, 105
53117, 604, 168
52951, 392, 127
53197, 257, 63
53161, 391, 139
53051, 749, 171
53093, 676, 203
52967, 650, 143
53233, 198, 68
53201, 629, 161
52919, 745, 221
53189, 663, 177
53281, 347, 84
53323, 278, 50
53129, 723, 268
53147, 590, 171
53087, 397, 98
53377, 227, 56
53171, 757, 243
53299, 355, 77
53267, 528, 115
53353, 261, 79
53269, 486, 161
53309, 826, 197
53437, 238, 67
53401, 449, 128
53239, 531, 108
53419, 385, 80
53453, 533, 91
53407, 252, 47
53503, 223, 53
53527, 132, 47
53593, 225, 57
53441, 720, 214
53617, 216, 51
53359, 340, 93
53549, 621, 199
53381, 757, 254
53507, 547, 157
53569, 564, 176
53551, 355, 90
53629, 394, 87
53327, 703, 136
53411, 809, 212
53479, 463, 117
53279, 778, 220
53597, 500, 143
53231, 791, 234
53653, 244, 95
53611, 570, 149
53623, 186, 56
53657, 571, 125
53773, 217, 85
53633, 606, 198
53717, 488, 126
53609, 831, 308
53681, 654, 172
53731, 474, 112
53777, 541, 157
53693, 653, 180
53813, 463, 122
53857, 157, 75
53887, 180, 49
53783, 457, 97
53881, 460, 118
53719, 479, 93
53699, 804, 195
53917, 290, 81
53923, 206, 59
53861, 657, 157
53591, 712, 198
53897, 711, 156
53849, 738, 217
53639, 773, 217
53791, 451, 117
54013, 178, 57
54037, 207, 45
53899, 541, 170
54049, 434, 82
53993, 649, 164
53819, 833, 259
54133, 306, 68
54121, 424, 79
53939, 806, 235
54091, 352, 75
54001, 490, 158
53891, 788, 212
53987, 591, 160
53831, 762, 191
53759, 820, 244
53927, 598, 127
53959, 394, 95
54139, 484, 96
54083, 610, 149
54217, 263, 65
54193, 254, 98
54163, 297, 88
54277, 162, 66
54181, 551, 150
54101, 723, 216
54151, 234, 51
54059, 659, 214
54293, 591, 133
54011, 777, 245
53951, 806, 187
54167, 598, 109
54269, 701, 200
54361, 387, 106
54377, 443, 102
54403, 253, 80
54331, 546, 131
54413, 495, 116
54319, 303, 82
54251, 741, 211
54409, 433, 137
54287, 652, 135
54421, 396, 99
54401, 754, 182
54323, 592, 183
54347, 555, 157
54517, 156, 56
54367, 239, 78
54443, 574, 128
54371, 759, 199
54493, 297, 106
54437, 594, 157
54469, 585, 156
54499, 384, 72
54497, 534, 109
54541, 325, 70
54419, 777, 206
54577, 237, 92
54547, 210, 65
54503, 408, 76
54449, 773, 276
54667, 224, 38
54673, 168, 62
54601, 527, 122
54311, 721, 182
54583, 335, 58
54521, 774, 273
54539, 707, 168
54581, 773, 180
54559, 437, 98
54709, 405, 88
54629, 749, 205
54631, 298, 60
54721, 463, 97
54563, 507, 163
54617, 595, 208
54679, 365, 59
54713, 695, 168
54877, 182, 52
54829, 295, 106
54623, 638, 121
54787, 348, 101
54833, 581, 155
54727, 283, 79
54773, 577, 183
54917, 534, 120
54907, 257, 72
54751, 439, 98
54949, 300, 96
54779, 802, 153
54647, 606, 172
54973, 298, 60
54881, 697, 181
54767, 419, 86
55057, 297, 72
54869, 713, 223
54979, 390, 87
55009, 360, 97
55021, 362, 106
54919, 456, 103
54799, 479, 120
55001, 688, 157
54851, 758, 244
55073, 496, 103
55049, 700, 161
55117, 304, 92
54941, 811, 275
55147, 181, 43
55213, 206, 57
55051, 559, 122
54983, 535, 112
54959, 659, 151
55201, 430, 133
55243, 187, 53
55171, 611, 133
55061, 736, 253
55109, 752, 234
55217, 634, 189
55249, 454, 139
55291, 259, 78
55163, 603, 165
55333, 166, 64
55219, 424, 113
55313, 397, 100
55207, 245, 73
55339, 355, 86
55103, 652, 142
55229, 711, 198
55127, 595, 117
55337, 651, 168
55381, 549, 136
55259, 734, 195
55441, 435, 90
55373, 617, 169
55411, 306, 98
55351, 478, 90
55399, 354, 82
55469, 720, 173
55603, 175, 45
55079, 733, 234
55609, 333, 77
55331, 823, 243
55501, 609, 172
55457, 671, 223
55343, 610, 126
55579, 422, 108
55633, 235, 72
55529, 719, 204
55547, 578, 132
55541, 759, 252
55621, 470, 139
55619, 590, 107
55487, 489, 138
55661, 685, 134
55717, 236, 74
55663, 233, 55
55673, 630, 138
55589, 822, 255
55681, 463, 128
55511, 761, 149
55697, 540, 158
55733, 587, 165
55763, 484, 111
55639, 394, 101
55813, 306, 97
55439, 722, 211
55721, 791, 191
55667, 580, 191
55793, 548, 183
55787, 650, 102
55807, 161, 50
55817, 468, 129
55837, 211, 83
55691, 749, 231
55843, 276, 74
55819, 398, 99
55829, 683, 180
55897, 302, 72
55631, 759, 166
55711, 424, 114
55933, 183, 66
55889, 703, 159
55921, 449, 121
55903, 257, 52
55849, 599, 179
55927, 209, 47
55987, 322, 66
55823, 522, 122
56053, 299, 68
56009, 703, 151
55997, 566, 171
55901, 779, 265
56041, 434, 119
55949, 693, 242
56113, 222, 66
56093, 470, 94
55931, 712, 156
56149, 308, 100
55799, 833, 192
55967, 551, 116
56101, 382, 141
56081, 813, 209
56197, 256, 53
56123, 460, 86
56003, 649, 185
55871, 773, 177
56179, 440, 94
56131, 385, 114
56263, 188, 36
56167, 236, 59
56099, 824, 231
56269, 368, 113
56209, 508, 144
56267, 672, 137
56237, 575, 171
56249, 746, 214
56333, 683, 130
56039, 781, 173
56087, 532, 132
56171, 593, 155
56299, 419, 86
56239, 535, 103
56377, 379, 95
56207, 540, 91
56401, 337, 72
56473, 277, 75
56417, 548, 116
56437, 274, 84
56393, 554, 134
56443, 339, 62
56477, 452, 90
56467, 198, 54
56431, 218, 50
56359, 507, 97
56369, 780, 239
56453, 451, 111
56383, 285, 82
56311, 482, 108
56533, 238, 70
56569, 360, 76
56501, 759, 172
56509, 445, 149
56503, 191, 45
56527, 308, 65
56489, 762, 264
56479, 293, 68
56597, 526, 121
56629, 342, 106
56659, 337, 101
56611, 499, 115
56701, 471, 80
56713, 208, 71
56599, 439, 89
56633, 551, 167
56737, 264, 59
56519, 647, 127
56681, 748, 176
56773, 208, 58
56543, 526, 105
56531, 736, 170
56731, 429, 108
56767, 359, 64
56809, 359, 108
56779, 391, 92
56821, 369, 95
56893, 181, 54
56857, 153, 61
56813, 517, 113
56827, 256, 67
56687, 495, 102
56747, 525, 147
56671, 502, 149
56873, 536, 160
56897, 578, 126
56929, 290, 89
56843, 584, 141
56923, 287, 87
56941, 335, 106
56591, 751, 215
56663, 668, 149
56807, 562, 108
56921, 757, 158
56989, 407, 85
56711, 778, 195
56783, 540, 147
56963, 485, 105
56957, 659, 177
56911, 564, 96
56891, 801, 222
57037, 300, 78
56909, 736, 254
57073, 178, 47
56983, 244, 73
57097, 367, 129
57163, 201, 57
57089, 764, 164
56993, 679, 217
57077, 473, 144
57193, 280, 72
57173, 626, 123
57107, 592, 129
57059, 729, 174
57149, 759, 194
57139, 393, 100
57041, 794, 252
57047, 538, 94
57143, 584, 101
56951, 698, 180
57241, 493, 125
57283, 246, 43
57131, 795, 217
57301, 431, 108
57271, 282, 62
57179, 742, 211
57259, 382, 98
57203, 642, 173
57223, 329, 92
57373, 286, 68
57331, 555, 93
57269, 773, 222
57397, 237, 55
57221, 770, 268
57347, 524, 114
57349, 445, 152
57191, 745, 142
57329, 805, 242
57457, 202, 53
56999, 697, 226
57367, 231, 49
57493, 296, 68
57251, 808, 241
57427, 292, 78
57467, 461, 89
57119, 765, 227
57389, 693, 177
57413, 541, 155
57637, 239, 68
57529, 482, 128
57593, 565, 110
57601, 342, 97
57557, 424, 112
57649, 400, 99
57287, 640, 193
57667, 206, 55
57487, 255, 79
57571, 523, 155
57653, 535, 125
57383, 673, 133
57709, 391, 93
57641, 723, 188
57697, 352, 130
57689, 593, 170
57587, 678, 174
57793, 291, 70
57737, 472, 107
57787, 185, 48
57527, 568, 132
57559, 455, 92
57713, 575, 163
57773, 638, 117
57727, 235, 76
57781, 526, 150
57731, 649, 138
57803, 483, 94
57829, 431, 90
57853, 226, 77
57503, 629, 160
57679, 423, 100
57751, 359, 75
57809, 613, 184
57973, 183, 50
57901, 537, 133
57943, 274, 57
57847, 226, 53
57859, 528, 135
57947, 527, 109
58027, 236, 59
57881, 690, 176
57899, 754, 168
57917, 581, 167
57977, 676, 221
58013, 543, 136
57719, 803, 200
58057, 376, 119
57923, 527, 151
58129, 392, 70
58073, 443, 102
58043, 467, 131
58153, 364, 94
58147, 150, 53
58061, 647, 166
58067, 565, 126
58099, 421, 125
58109, 771, 172
58193, 407, 95
57991, 511, 124
57791, 768, 206
58171, 459, 82
58111, 416, 86
58049, 806, 257
57839, 709, 176
58237, 308, 68
58189, 444, 147
58169, 712, 247
58031, 817, 179
58207, 378, 70
58321, 505, 96
58243, 251, 85
58309, 366, 129
58217, 512, 176
58151, 661, 126
58363, 257, 81
58337, 437, 127
58369, 366, 108
58313, 676, 189
58417, 176, 45
58229, 782, 267
58393, 262, 95
58367, 502, 85
58453, 239, 75
58403, 414, 99
58199, 727, 140
58441, 288, 101
58411, 304, 77
58477, 282, 94
58231, 509, 125
58537, 246, 77
58211, 824, 272
58573, 170, 52
58543, 180, 43
58271, 667, 169
58391, 666, 135
58657, 263, 72
58549, 537, 153
58613, 502, 106
58427, 575, 190
58451, 791, 170
58567, 198, 65
58481, 643, 222
58579, 424, 123
58601, 749, 203
58603, 312, 104
58379, 747, 258
58693, 238, 75
58661, 711, 179
58741, 336, 70
58699, 380, 92
58909, 261, 70
58897, 171, 48
58771, 315, 100
58789, 532, 133
58733, 458, 134
58913, 664, 193
58711, 357, 69
58907, 605, 126
58787, 556, 131
58727, 387, 82
58921, 377, 101
58757, 629, 180
58687, 301, 70
58963, 140, 56
58831, 396, 95
58763, 606, 179
58901, 719, 251
58937, 663, 185
58889, 793, 238
58997, 564, 127
59053, 211, 48
59077, 273, 70
59029, 495, 140
59011, 504, 113
59021, 771, 143
59083, 222, 87
59009, 688, 233
58679, 724, 192
59113, 201, 70
58511, 788, 217
59023, 272, 83
58631, 744, 197
59093, 564, 155
59107, 229, 89
58979, 813, 203
58439, 844, 241
59063, 485, 98
59069, 806, 244
58943, 502, 142
59119, 347, 61
59051, 772, 222
59197, 264, 81
59123, 582, 125
59149, 519, 133
58967, 653, 137
59233, 223, 77
59221, 388, 87
58991, 764, 164
59141, 756, 247
59209, 432, 132
59273, 542, 110
59341, 492, 117
59167, 241, 58
59243, 582, 121
59357, 535, 116
59377, 246, 104
59333, 670, 170
59281, 512, 138
59207, 572, 115
59183, 418, 75
59239, 300, 86
59263, 323, 62
59369, 800, 206
59393, 592, 150
59467, 168, 39
59473, 315, 62
59497, 271, 71
59417, 553, 132
59387, 562, 163
59443, 238, 70
59219, 823, 282
59509, 420, 95
59453, 559, 133
59159, 782, 170
59359, 445, 117
59441, 738, 183
59557, 225, 57
59407, 317, 91
59419, 473, 153
59581, 347, 98
59539, 515, 111
59513, 513, 145
59617, 357, 95
59629, 322, 89
59399, 743, 190
59707, 282, 62
59611, 480, 115
59447, 466, 123
59627, 618, 130
59693, 676, 116
59621, 697, 166
59561, 803, 263
59651, 662, 141
59659, 468, 147
59669, 786, 215
59351, 736, 198
59663, 636, 100
59743, 199, 56
59753, 458, 113
59833, 279, 66
59797, 217, 82
59471, 756, 214
59567, 651, 134
59779, 258, 74
59809, 444, 86
59723, 499, 161
59747, 660, 129
60013, 293, 59
59729, 755, 273
59887, 263, 53
59699, 752, 234
59671, 507, 136
59929, 426, 101
59863, 269, 71
59957, 623, 174
59971, 464, 106
59921, 731, 196
60037, 308, 85
59791, 491, 97
60017, 663, 172
60041, 598, 124
59981, 713, 234
60029, 740, 225
60133, 216, 73
59771, 790, 256
60103, 224, 51
60083, 522, 102
60127, 158, 38
59879, 816, 174
60077, 651, 187
60091, 390, 114
60089, 819, 191
60139, 456, 112
60169, 452, 82
60217, 243, 76
60107, 439, 114
59999, 714, 134
60149, 710, 177
60101, 785, 241
60223, 176, 38
60209, 711, 154
59951, 632, 175
60337, 354, 60
60289, 427, 113
60257, 643, 157
60397, 290, 75
60373, 279, 71
60259, 393, 114
60161, 781, 227
60293, 621, 125
60317, 486, 152
60251, 740, 163
60353, 511, 148
60427, 233, 66
60457, 215, 60
60493, 242, 81
60331, 379, 112
60413, 550, 168
60271, 576, 116
60167, 605, 124
60497, 546, 136
60343, 362, 95
60589, 421, 119
60383, 442, 85
60637, 202, 74
60449, 780, 202
60601, 458, 114
60509, 721, 174
60443, 460, 138
60617, 626, 133
60649, 481, 119
60521, 780, 236
60607, 335, 70
60733, 316, 75
60757, 167, 52
60661, 530, 147
60611, 639, 162
60703, 124, 50
60727, 326, 67
60539, 769, 243
60631, 512, 106
60659, 740, 175
60793, 291, 83
60527, 640, 140
60763, 303, 95
60773, 381, 108
60679, 377, 79
60737, 654, 172
60761, 828, 201
60689, 771, 256
60811, 337, 83
60859, 406, 104
60647, 523, 140
60889, 387, 112
60623, 661, 162
60901, 401, 96
60937, 160, 57
60913, 268, 79
60821, 783, 238
60923, 424, 88
60953, 661, 157
60779, 726, 194
60869, 819, 231
61027, 287, 62
60917, 641, 176
60943, 314, 73
61057, 317, 105
60961, 514, 160
60899, 674, 157
60719, 825, 182
60887, 612, 111
61051, 395, 106
60919, 347, 85
61153, 203, 70
61043, 520, 144
61007, 472, 96
61001, 735, 234
61129, 474, 118
61141, 350, 116
61121, 701, 150
61261, 385, 87
61297, 248, 64
61091, 747, 184
61099, 473, 129
61333, 259, 80
61169, 736, 210
61357, 391, 77
61253, 577, 165
61363, 306, 59
61291, 393, 119
61381, 299, 90
61231, 454, 96
61339, 378, 108
61417, 178, 59
61211, 768, 210
61483, 210, 50
61441, 547, 132
61223, 550, 130
61343, 626, 102
61283, 723, 208
61469, 735, 170
61331, 819, 187
61031, 729, 199
61403, 612, 160
61471, 313, 87
61507, 240, 70
61493, 595, 167
61409, 820, 266
61553, 601, 153
61379, 722, 252
61609, 347, 114
61603, 232, 73
61151, 775, 219
61561, 405, 113
61543, 284, 72
61547, 574, 152
61627, 165, 70
61637, 491, 103
61657, 256, 79
61613, 544, 163
61681, 417, 104
61463, 561, 163
61717, 239, 56
61651, 491, 122
61583, 497, 111
61511, 762, 142
61519, 456, 130
61487, 689, 165
61667, 596, 114
61729, 358, 98
61723, 307, 73
61643, 606, 159
61813, 185, 59
61673, 603, 161
61687, 287, 71
61843, 171, 61
61757, 503, 143
61837, 292, 110
61861, 440, 99
61559, 766, 172
61909, 419, 87
61933, 208, 60
61819, 576, 110
61781, 730, 205
62017, 215, 65
61987, 241, 54
61703, 513, 127
61981, 551, 155
61927, 227, 61
61979, 633, 128
61631, 689, 171
61961, 757, 228
62053, 360, 112
62003, 608, 107
62011, 445, 115
61879, 478, 121
62057, 605, 118
61751, 793, 179
62047, 339, 59
61949, 829, 298
62137, 237, 88
62129, 709, 157
62071, 344, 76
61967, 591, 154
62081, 742, 193
62143, 258, 44
62213, 558, 126
62131, 450, 115
62141, 804, 182
62099, 651, 147
61871, 770, 222
62233, 337, 113
62119, 470, 109
62189, 833, 218
62273, 602, 140
62297, 634, 140
62171, 766, 194
62323, 307, 79
62191, 448, 110
62039, 783, 218
61991, 765, 230
62299, 491, 144
62201, 809, 290
62347, 287, 109
62311, 405, 93
62401, 344, 96
62473, 174, 74
62219, 713, 212
62497, 270, 56
62417, 566, 142
62467, 212, 66
62207, 566, 158
62533, 272, 84
62383, 339, 87
62477, 656, 152
62563, 275, 47
62483, 473, 121
62617, 255, 69
62327, 433, 106
62507, 475, 85
62539, 461, 97
62581, 545, 121
62549, 680, 154
62303, 635, 163
62423, 585, 126
62653, 365, 105
62633, 603, 121
62459, 724, 221
62701, 324, 70
62597, 551, 128
62659, 362, 76
62603, 537, 146
62351, 735, 146
62501, 828, 269
62683, 251, 72
62773, 323, 73
62627, 506, 145
62731, 358, 72
62753, 484, 100
62723, 480, 115
62827, 315, 78
62869, 422, 93
62591, 755, 150
62761, 521, 162
62743, 233, 61
62801, 723, 162
62861, 629, 134
62687, 541, 75
62791, 450, 87
62897, 629, 133
62873, 661, 173
62929, 366, 104
62819, 722, 166
62851, 556, 149
62989, 371, 103
63067, 202, 53
62969, 646, 151
62983, 249, 42
63029, 723, 161
63097, 163, 56
62987, 543, 112
62639, 695, 177
63073, 347, 122
62903, 592, 109
62921, 799, 293
62927, 649, 146
62971, 520, 142
62939, 710, 156
62981, 824, 238
63031, 302, 79
63277, 183, 44
63113, 669, 149
63211, 317, 74
63127, 261, 53
63079, 422, 90
63149, 703, 175
63241, 432, 130
63059, 810, 268
63197, 713, 192
63103, 287, 84
63247, 262, 43
63337, 322, 79
63313, 283, 94
63331, 323, 71
63317, 484, 131
63281, 722, 148
63179, 753, 190
63199, 316, 85
63397, 257, 76
63361, 485, 108
63347, 485, 106
63353, 466, 135
63409, 332, 122
63421, 423, 85
63299, 679, 199
63473, 461, 101
63377, 564, 135
63463, 211, 41
63131, 819, 254
63367, 247, 82
63493, 230, 91
63389, 804, 220
63541, 397, 85
63499, 380, 86
63487, 290, 72
63533, 587, 130
63391, 359, 93
63443, 686, 164
63467, 652, 173
63589, 329, 74
63419, 620, 163
63577, 306, 93
63439, 483, 107
63521, 775, 244
63617, 507, 95
63601, 482, 144
63607, 207, 58
63311, 847, 220
63697, 295, 90
63667, 250, 54
63611, 657, 142
63527, 664, 119
63649, 531, 163
63559, 345, 111
63659, 748, 126
63709, 500, 115
63629, 689, 233
63587, 673, 186
63737, 417, 101
63781, 395, 87
63689, 753, 199
63691, 488, 140
63793, 195, 54
63727, 150, 52
63773, 435, 134
63761, 737, 174
63841, 459, 112
63703, 369, 83
63599, 787, 204
63647, 543, 127
63913, 135, 67
63853, 280, 98
63823, 217, 52
63743, 515, 86
63907, 331, 71
63803, 565, 138
63809, 669, 190
63901, 416, 115
63799, 436, 91
63857, 598, 146
64033, 264, 52
63949, 492, 98
63977, 485, 102
63997, 191, 64
64153, 163, 61
63671, 731, 169
63863, 577, 116
64013, 580, 173
64037, 639, 164
63719, 782, 168
64123, 173, 65
63929, 837, 292
64081, 544, 166
64157, 512, 120
64063, 340, 91
64019, 777, 206
64109, 660, 193
64067, 588, 162
64189, 313, 105
64187, 494, 91
64171, 545, 102
64237, 263, 89
64217, 626, 160
64333, 318, 83
64381, 336, 83
64007, 499, 142
64283, 530, 136
64303, 243, 51
64091, 718, 190
64373, 558, 124
63839, 777, 242
64453, 215, 57
64301, 756, 229
64513, 174, 54
64327, 413, 92
64433, 578, 161
64403, 607, 138
64231, 421, 115
64279, 447, 136
64483, 223, 72
64223, 564, 125
64271, 786, 152
64577, 615, 124
64399, 423, 117
64553, 564, 169
64151, 745, 181
64489, 514, 159
64579, 339, 74
64633, 307, 77
64621, 403, 110
64567, 295, 93
64609, 411, 117
64717, 289, 66
64499, 757, 203
64693, 216, 74
64747, 213, 54
64627, 293, 75
64451, 839, 187
64439, 731, 128
64663, 265, 70
64667, 471, 99
64613, 734, 212
64661, 722, 168
64591, 445, 108
64601, 696, 234
64319, 681, 207
64709, 781, 190
64849, 394, 96
64793, 571, 143
64817, 534, 139
64877, 612, 128
64783, 272, 82
64853, 584, 177
64891, 368, 64
64901, 674, 144
64927, 152, 34
64763, 652, 149
64969, 472, 107
64781, 748, 209
64937, 513, 116
64921, 416, 125
64997, 508, 119
65011, 399, 89
65053, 332, 71
65003, 526, 97
65029, 444, 121
65101, 403, 105
64811, 710, 225
65033, 440, 115
64879, 481, 123
65089, 438, 136
65027, 648, 132
64951, 527, 120
64871, 728, 167
65123, 453, 101
65173, 265, 95
65129, 778, 193
65167, 197, 41
65179, 395, 85
65099, 657, 205
65119, 373, 103
64919, 818, 185
65213, 400, 103
65257, 252, 65
65171, 700, 140
65071, 520, 112
65141, 743, 226
65203, 279, 72
64679, 851, 223
65063, 427, 99
65269, 443, 92
65293, 238, 76
65147, 670, 163
65353, 346, 84
65323, 154, 58
65111, 766, 149
65437, 203, 68
65413, 285, 80
65267, 524, 136
65287, 307, 63
65357, 502, 128
65393, 613, 160
65239, 371, 83
65371, 326, 86
65407, 199, 58
65419, 580, 122
65497, 218, 78
65381, 743, 185
65521, 365, 73
65309, 810, 259
65183, 656, 144
65449, 562, 156
65557, 234, 40
65563, 301, 62
65447, 517, 78
65423, 647, 105
65479, 404, 92
65327, 451, 108
65587, 203, 54
65581, 437, 103
65539, 434, 111
65629, 352, 93
65617, 277, 95
65537, 648, 180
65677, 271, 88
65657, 480, 124
65713, 246, 69
65633, 588, 167
65543, 580, 101
65647, 361, 54
65717, 447, 103
65707, 165, 55
65609, 677, 214
65701, 511, 147
65579, 764, 185
65551, 384, 92
65599, 480, 91
65761, 351, 87
65827, 198, 48
65729, 744, 190
65731, 503, 130
65809, 535, 143
65699, 761, 167
65651, 756, 242
65851, 368, 99
65899, 332, 69
65881, 590, 119
65837, 617, 147
65519, 688, 200
65719, 471, 105
65789, 709, 215
65777, 688, 216
65687, 556, 165
65839, 359, 78
65843, 595, 123
65921, 699, 161
65867, 664, 133
65957, 501, 123
65929, 401, 131
65993, 377, 88
65983, 204, 50
66037, 309, 81
66067, 240, 55
65963, 574, 115
66103, 251, 49
66137, 498, 96
66089, 618, 122
65927, 549, 132
65981, 758, 231
66109, 517, 116
66169, 382, 141
66221, 697, 146
66161, 798, 178
66173, 733, 188
66041, 776, 267
66029, 759, 280
66083, 608, 186
65951, 755, 192
66047, 515, 104
66107, 583, 158
66337, 231, 84
65831, 808, 225
66373, 213, 71
66301, 503, 125
66361, 419, 84
66403, 276, 57
66179, 769, 196
66293, 659, 201
66343, 386, 84
66071, 675, 157
66271, 582, 104
66413, 694, 129
66457, 326, 107
66347, 619, 149
66523, 211, 56
66509, 670, 132
66377, 605, 205
66467, 509, 119
66463, 217, 58
66529, 363, 72
66449, 653, 173
66553, 183, 60
66383, 444, 111
66499, 438, 99
66191, 711, 174
66541, 381, 113
66697, 145, 42
66601, 357, 93
66239, 782, 205
66533, 648, 167
66571, 508, 107
66593, 614, 136
66643, 194, 44
66617, 510, 134
66733, 297, 75
66587, 418, 116
66721, 454, 127
66683, 605, 128
66713, 507, 115
66653, 438, 135
66569, 786, 248
66431, 792, 157
66763, 160, 51
66359, 728, 204
66701, 732, 197
66491, 840, 280
66739, 540, 105
66749, 691, 143
66841, 381, 82
66877, 230, 80
66853, 199, 74
66883, 206, 71
66629, 819, 278
66889, 310, 68
66809, 768, 203
66797, 574, 175
66851, 663, 111
66931, 425, 80
66973, 245, 69
66949, 411, 107
67033, 200, 55
66943, 239, 54
66821, 828, 229
66751, 412, 112
66923, 652, 148
67057, 258, 48
67021, 361, 105
67003, 337, 87
66977, 665, 112
67043, 475, 96
66919, 361, 97
67153, 145, 48
66947, 538, 172
67141, 540, 133
67061, 714, 180
67073, 627, 181
66791, 797, 198
67049, 655, 203
66863, 527, 136
67129, 501, 142
67103, 519, 91
67189, 332, 106
67169, 636, 136
67213, 303, 101
67181, 688, 110
67187, 704, 136
67157, 647, 180
67121, 739, 259
67139, 793, 164
67261, 436, 108
67273, 331, 109
66959, 787, 180
67219, 452, 125
67211, 753, 167
67217, 637, 194
67369, 427, 114
67307, 425, 87
67247, 474, 84
67477, 249, 56
67453, 280, 56
67411, 356, 85
67079, 668, 169
67349, 817, 212
67339, 508, 139
67433, 489, 98
67429, 430, 100
67231, 403, 96
67289, 837, 252
67399, 367, 83
67489, 325, 87
67421, 805, 194
67537, 247, 72
67409, 742, 273
67447, 276, 64
67481, 734, 185
67427, 672, 191
67531, 403, 86
67271, 778, 172
67391, 711, 128
67493, 631, 164
67523, 479, 103
67343, 566, 139
67567, 168, 39
67577, 558, 159
67589, 610, 135
67547, 726, 165
67699, 332, 70
67741, 302, 69
67579, 488, 114
67723, 220, 57
67601, 790, 210
67499, 791, 233
67733, 631, 144
67651, 426, 134
67607, 403, 86
67789, 336, 66
67777, 245, 91
67757, 722, 165
67801, 394, 104
67783, 255, 69
67709, 734, 222
67559, 745, 155
67853, 479, 97
67631, 635, 105
67619, 730, 209
67807, 272, 65
67867, 254, 63
67511, 664, 153
67763, 428, 119
67819, 350, 108
67843, 317, 105
67759, 528, 101
67957, 217, 56
67901, 609, 134
67829, 753, 206
67993, 247, 45
67891, 446, 107
67933, 242, 85
67939, 485, 96
67987, 182, 53
67751, 731, 189
67883, 715, 171
68023, 287, 42
67679, 792, 210
68041, 528, 116
67927, 283, 74
68113, 155, 68
67961, 702, 186
68053, 290, 99
67967, 579, 117
68161, 322, 70
68209, 363, 90
67943, 624, 119
67979, 735, 203
67931, 741, 203
68059, 522, 141
68227, 249, 61
68147, 684, 137
68071, 469, 111
68141, 776, 255
68213, 623, 179
68329, 530, 118
68219, 723, 156
68281, 412, 115
68099, 748, 204
68437, 220, 50
68261, 780, 189
68443, 155, 42
68371, 473, 88
68473, 175, 45
68171, 734, 208
68449, 511, 110
68389, 539, 171
68239, 462, 116
68087, 546, 144
68111, 800, 199
68311, 483, 92
68207, 642, 129
68489, 658, 156
68521, 429, 105
68477, 556, 162
68483, 647, 135
68581, 426, 62
68447, 506, 99
68279, 829, 204
68491, 370, 114
68539, 366, 75
68597, 544, 115
68633, 388, 104
68611, 470, 82
68399, 683, 146
68507, 681, 171
68501, 700, 214
68737, 236, 47
68713, 278, 72
68567, 424, 80
68531, 718, 192
68683, 286, 81
68659, 501, 136
68749, 338, 82
68351, 792, 193
68777, 471, 100
68543, 582, 146
68743, 268, 57
68821, 442, 99
68863, 159, 44
68669, 815, 245
68729, 588, 173
68699, 759, 190
68881, 427, 87
68687, 467, 94
68791, 397, 86
68767, 290, 79
68917, 285, 79
68813, 697, 206
68819, 703, 144
68947, 240, 64
68639, 793, 198
68897, 605, 155
68711, 602, 168
68993, 463, 92
68771, 838, 223
68891, 751, 144
69001, 405, 107
69073, 203, 71
68909, 745, 171
68899, 486, 132
68963, 574, 127
69061, 392, 117
69067, 206, 84
69019, 309, 93
69029, 742, 176
69193, 228, 59
69031, 426, 58
69127, 269, 50
69109, 507, 137
69197, 516, 106
68903, 653, 142
69163, 318, 72
68879, 733, 194
68927, 612, 132
69149, 746, 238
69337, 163, 47
69233, 482, 137
69259, 281, 74
69151, 409, 81
69313, 282, 104
69203, 597, 152
69011, 807, 249
69119, 749, 134
69221, 693, 198
69257, 568, 158
69143, 686, 160
69427, 235, 47
69379, 487, 103
69317, 627, 157
69457, 169, 52
69247, 276, 65
69403, 321, 92
69389, 586, 159
69371, 780, 193
69191, 705, 182
69493, 337, 66
69463, 270, 49
69481, 329, 101
69341, 805, 268
69263, 721, 145
69473, 595, 151
69239, 778, 169
69401, 764, 232
69499, 380, 94
69661, 280, 69
69383, 588, 124
69557, 463, 123
69491, 725, 147
69467, 639, 162
69497, 693, 163
69439, 499, 114
69697, 226, 73
69653, 578, 166
69763, 183, 40
69677, 451, 129
69737, 604, 140
69593, 726, 232
69829, 285, 66
69623, 456, 76
69539, 759, 191
69709, 533, 156
69691, 443, 127
69739, 422, 91
69833, 501, 118
69847, 261, 55
69877, 233, 95
69809, 797, 225
69997, 183, 44
69431, 754, 207
69857, 577, 117
69821, 714, 222
69761, 839, 273
69859, 471, 100
69931, 390, 93
69899, 618, 121
69827, 701, 161
69941, 762, 184
70009, 451, 102
69779, 771, 212
70117, 179, 55
69929, 745, 214
70051, 397, 68
70003, 215, 66
69767, 589, 134
70001, 793, 214
70039, 396, 69
70099, 518, 98
70123, 297, 69
69991, 448, 111
70177, 294, 92
70141, 384, 91
70067, 715, 139
70061, 795, 272
70121, 740, 205
70111, 419, 88
69959, 687, 141
70163, 507, 108
70183, 205, 46
70207, 201, 50
69911, 819, 179
70157, 639, 173
70019, 716, 219
70237, 305, 93
70181, 732, 202
70249, 352, 83
70201, 541, 170
70079, 689, 134
70297, 224, 78
70309, 460, 87
70139, 737, 211
70393, 168, 41
70373, 651, 152
70429, 447, 119
70313, 572, 136
70241, 693, 220
70289, 790, 190
70321, 529, 167
70229, 726, 236
70381, 425, 127
70423, 175, 42
70457, 629, 117
70459, 329, 75
70327, 278, 66
70351, 477, 84
70501, 465, 87
70537, 207, 82
70223, 690, 168
70507, 235, 69
70489, 548, 144
70379, 728, 181
70573, 288, 66
70481, 690, 168
70271, 708, 139
70549, 522, 130
70199, 783, 214
70657, 238, 67
70621, 321, 97
70627, 210, 57
70529, 844, 232
70589, 793, 175
70451, 817, 220
70717, 241, 80
70487, 576, 106
70753, 182, 50
70687, 166, 42
70729, 480, 114
70571, 759, 187
70709, 660, 140
70583, 538, 100
70667, 552, 132
70663, 281, 75
70793, 610, 111
70849, 345, 60
70439, 734, 216
70843, 208, 62
70867, 264, 61
70639, 506, 99
70783, 216, 54
70841, 729, 177
70877, 561, 130
70607, 569, 133
70619, 819, 245
70853, 715, 173
70921, 367, 86
70913, 496, 127
70891, 446, 101
70879, 497, 79
70981, 365, 76
70957, 328, 82
70769, 846, 278
70969, 380, 106
70937, 554, 139
70823, 658, 128
70901, 846, 275
70997, 581, 165
70949, 769, 211
71023, 272, 49
71059, 503, 93
71089, 431, 102
70951, 363, 95
71143, 204, 34
71011, 465, 132
71129, 656, 146
70999, 376, 85
71233, 251, 62
71153, 558, 160
71069, 655, 214
71161, 538, 162
71147, 489, 124
70919, 775, 162
71209, 406, 125
70979, 835, 268
71257, 311, 63
71081, 822, 238
70991, 759, 170
71237, 542, 138
71119, 418, 96
71167, 303, 78
71293, 256, 82
71317, 206, 64
71261, 653, 135
71191, 525, 90
71171, 661, 153
71329, 390, 123
71039, 634, 154
71353, 345, 86
71341, 523, 108
71263, 291, 63
71347, 283, 60
71287, 287, 77
71333, 492, 143
71437, 164, 42
71413, 233, 76
71359, 417, 62
71387, 628, 99
71249, 813, 290
71389, 452, 128
71327, 550, 88
71443, 247, 65
71339, 776, 177
71429, 741, 156
71363, 683, 154
71411, 738, 155
71473, 414, 93
71593, 159, 34
71453, 623, 150
71419, 471, 141
71563, 190, 52
71537, 541, 138
71569, 428, 90
71479, 294, 54
71597, 520, 90
71527, 234, 56
71503, 209, 53
71633, 592, 140
71647, 183, 35
71713, 168, 67
71483, 570, 152
71707, 199, 54
71549, 783, 188
71761, 441, 98
71693, 570, 150
71551, 500, 94
71471, 750, 146
71821, 459, 95
71789, 679, 175
71809, 532, 146
71777, 628, 191
71663, 552, 99
71719, 423, 90
71399, 720, 208
71741, 757, 225
71671, 501, 100
71837, 628, 160
71699, 780, 201
71843, 592, 131
71849, 771, 156
71881, 500, 142
71899, 448, 78
71807, 509, 111
71941, 342, 77
71947, 215, 47
71917, 337, 88
71887, 359, 64
71867, 546, 149
71933, 655, 147
71971, 443, 82
71983, 206, 44
71861, 791, 243
72073, 224, 43
71993, 579, 165
72053, 429, 105
72031, 332, 52
72109, 370, 76
71909, 741, 221
72043, 320, 60
71963, 517, 151
71987, 452, 128
72019, 490, 133
71711, 767, 166
72077, 549, 111
72091, 367, 102
72139, 397, 96
72103, 159, 40
71879, 697, 143
72169, 261, 85
72253, 222, 71
71999, 674, 146
72277, 351, 79
72101, 856, 255
72223, 300, 42
72227, 555, 105
72173, 609, 162
72307, 325, 52
72229, 472, 118
72089, 845, 300
72313, 300, 88
72221, 748, 187
72337, 158, 50
72161, 738, 216
72211, 518, 144
72269, 800, 184
72167, 616, 121
72251, 742, 173
72353, 480, 115
72493, 218, 68
72367, 240, 59
72469, 290, 96
72047, 613, 156
72421, 465, 139
72481, 458, 101
72461, 703, 131
72271, 453, 101
72379, 421, 113
72341, 764, 202
72577, 191, 59
72613, 251, 65
72287, 501, 113
72547, 224, 72
72497, 687, 222
72533, 661, 181
72643, 314, 74
72559, 264, 45
72661, 532, 97
72467, 621, 156
72649, 362, 108
72673, 358, 108
72503, 532, 112
72617, 719, 188
72733, 187, 57
72431, 755, 128
72383, 577, 122
72689, 683, 116
72763, 225, 65
72647, 601, 90
72727, 331, 60
72817, 305, 93
72623, 476, 93
72797, 663, 153
72739, 531, 108
72889, 301, 70
72823, 341, 51
72701, 731, 225
72707, 690, 169
72859, 374, 77
72883, 288, 96
72767, 531, 77
72937, 346, 59
72901, 337, 87
72679, 481, 119
72893, 553, 122
72551, 751, 189
72907, 300, 67
72671, 762, 188
72949, 362, 80
72869, 665, 195
72871, 394, 76
72997, 259, 58
72923, 431, 98
72977, 455, 83
72973, 344, 122
72953, 582, 135
72931, 413, 124
72719, 719, 182
73009, 474, 135
73063, 242, 40
73061, 712, 154
73133, 567, 113
73043, 508, 121
73037, 665, 168
73013, 623, 200
73243, 207, 57
73237, 201, 75
73019, 650, 149
73189, 562, 114
73039, 433, 89
73141, 534, 144
73121, 667, 212
73091, 785, 197
73309, 412, 109
73291, 421, 74
73327, 169, 29
73417, 160, 37
72911, 711, 181
73277, 684, 146
73181, 713, 223
73363, 224, 67
73369, 541, 121
73387, 232, 72
73453, 357, 78
73259, 853, 219
73303, 317, 82
73127, 593, 139
72959, 822, 203
73477, 308, 77
73483, 183, 52
73459, 353, 77
73379, 641, 134
73351, 308, 69
73361, 818, 189
73331, 655, 164
73433, 641, 173
73517, 445, 104
73079, 769, 206
73613, 461, 92
73561, 333, 111
73471, 426, 93
73637, 435, 110
73553, 698, 144
73609, 502, 99
73597, 374, 110
73523, 565, 120
73421, 817, 265
73547, 481, 102
73529, 743, 186
73651, 386, 72
73571, 726, 153
73681, 467, 121
73693, 279, 74
73673, 569, 150
73643, 472, 121
73819, 360, 70
73583, 559, 131
73589, 825, 259
73721, 674, 161
73699, 367, 103
73757, 588, 164
73607, 666, 130
73877, 380, 89
73783, 258, 56
73771, 500, 153
73709, 781, 237
73849, 537, 156
73897, 226, 88
73867, 334, 93
73859, 708, 139
73679, 710, 143
73847, 543, 92
73907, 465, 121
74017, 199, 60
73973, 554, 101
73727, 555, 138
73939, 402, 105
73823, 637, 118
73883, 616, 189
74077, 223, 86
74027, 533, 94
73943, 569, 117
74047, 291, 59
73961, 787, 222
74131, 399, 88
73951, 473, 111
73751, 768, 189
74093, 598, 147
74149, 373, 95
74161, 422, 101
74101, 470, 154
73999, 594, 95
74143, 198, 62
74021, 780, 253
74167, 151, 44
74197, 257, 65
74071, 499, 103
74257, 311, 82
74293, 334, 80
74209, 316, 90
74099, 768, 177
74177, 617, 157
74203, 334, 94
74353, 163, 56
74317, 280, 77
74377, 293, 78
74297, 463, 130
74201, 840, 203
74287, 190, 38
74323, 375, 82
74051, 815, 252
74189, 727, 232
74363, 531, 79
74413, 226, 81
74383, 240, 57
74449, 295, 68
74357, 619, 171
74159, 804, 183
74219, 701, 183
74419, 440, 88
74453, 474, 100
74509, 471, 97
74521, 439, 109
74573, 385, 77
74381, 790, 247
74311, 539, 140
74279, 799, 169
74489, 765, 157
74441, 761, 221
74587, 277, 81
74411, 793, 183
74561, 695, 165
74507, 634, 156
74551, 421, 72
74653, 268, 78
74713, 186, 40
74527, 280, 80
74231, 711, 199
74597, 638, 182
74611, 353, 100
74531, 798, 179
74707, 315, 76
74717, 494, 111
74797, 306, 55
74761, 401, 84
74609, 741, 253
74567, 572, 120
74623, 388, 79
74729, 791, 154
74731, 417, 111
74827, 207, 54
74687, 510, 91
74719, 409, 65
74471, 721, 164
74699, 775, 177
74821, 474, 109
74869, 299, 80
74779, 453, 119
74747, 604, 126
74857, 276, 81
74873, 596, 111
74771, 724, 168
74897, 611, 112
74929, 525, 85
74923, 286, 54
75013, 175, 42
74941, 408, 93
74887, 269, 48
75037, 250, 69
75133, 171, 44
74861, 729, 192
74843, 614, 177
74933, 555, 177
74831, 653, 92
75109, 345, 84
75017, 513, 158
74959, 433, 84
75083, 584, 107
75041, 724, 169
74891, 688, 190
74759, 727, 196
75181, 377, 88
75029, 716, 216
75079, 457, 83
75217, 400, 97
75193, 344, 89
75169, 496, 137
75211, 312, 66
75161, 682, 152
74903, 517, 127
75149, 805, 201
75223, 171, 28
75253, 305, 75
75277, 230, 61
75289, 384, 93
75307, 227, 65
75011, 823, 227
75337, 174, 58
75209, 788, 188
75167, 618, 103
75329, 692, 138
75377, 570, 128
75353, 500, 150
75227, 512, 138
75403, 201, 67
75389, 627, 145
75269, 831, 247
75367, 239, 70
75437, 480, 120
75323, 689, 192
75347, 678, 177
75401, 776, 203
75541, 357, 79
75553, 215, 53
75511, 425, 60
75391, 553, 105
75577, 227, 71
75533, 672, 154
75503, 655, 120
75521, 832, 245
75557, 579, 141
75571, 342, 86
75239, 750, 187
75617, 504, 118
75653, 568, 95
75619, 401, 97
75583, 314, 65
75629, 602, 134
75407, 596, 138
75527, 588, 117
75431, 652, 167
75679, 413, 62
75641, 693, 209
75611, 799, 167
75707, 421, 90
75539, 805, 209
75721, 460, 100
75709, 577, 133
75793, 280, 69
75683, 537, 113
75479, 818, 223
75781, 512, 123
75689, 753, 207
75703, 219, 64
75853, 198, 48
75797, 552, 88
75787, 353, 91
75659, 697, 186
75937, 215, 60
75773, 576, 143
75883, 163, 52
75913, 343, 81
75833, 540, 109
75821, 640, 142
75931, 318, 64
75997, 182, 47
76003, 218, 68
75979, 340, 66
76081, 285, 87
75967, 188, 56
75731, 726, 206
76099, 411, 84
75743, 612, 141
76001, 821, 175
75941, 770, 221
76123, 155, 50
75989, 843, 233
76129, 389, 120
76147, 221, 51
75869, 827, 282
76157, 583, 109
75767, 672, 162
76213, 174, 55
75991, 390, 115
76091, 706, 192
76243, 241, 58
76039, 430, 130
76253, 437, 109
75983, 567, 129
76249, 487, 141
76261, 555, 129
76031, 834, 182
76333, 313, 97
76231, 447, 75
76207, 308, 77
76159, 372, 96
76103, 554, 133
76163, 600, 153
76369, 482, 118
76283, 544, 136
76289, 653, 169
76387, 244, 73
76303, 278, 64
76441, 494, 108
76259, 826, 230
76079, 748, 178
76343, 485, 96
76421, 708, 157
76367, 413, 76
76423, 275, 54
76507, 298, 64
76403, 455, 121
76537, 227, 58
76481, 611, 185
76493, 689, 107
76561, 414, 100
76597, 221, 71
76603, 228, 54
76471, 376, 102
76379, 833, 221
76543, 224, 63
76519, 449, 80
76673, 540, 107
76651, 381, 88
76541, 776, 209
76579, 497, 130
76717, 262, 61
76463, 606, 110
76487, 479, 97
76753, 266, 79
76667, 600, 139
76777, 294, 58
76697, 600, 159
76757, 633, 139
76511, 742, 132
76733, 556, 141
76649, 756, 226
76837, 277, 64
76801, 578, 102
76771, 363, 93
76819, 395, 99
76607, 429, 103
76873, 240, 84
76829, 707, 170
76913, 487, 85
76631, 767, 161
76847, 452, 76
76679, 645, 140
77017, 228, 63
76781, 771, 218
76883, 567, 134
77023, 156, 44
76963, 331, 104
77029, 560, 120
77137, 155, 53
77041, 537, 143
76949, 682, 226
76871, 568, 120
76831, 501, 127
76961, 754, 238
77081, 715, 154
76907, 708, 197
77093, 507, 130
77101, 492, 111
77003, 597, 182
77047, 273, 85
77069, 610, 149
76943, 628, 125
77141, 715, 163
77153, 609, 172
77213, 408, 111
77191, 425, 82
77237, 620, 135
77201, 598, 177
77317, 167, 55
76919, 757, 185
77167, 324, 87
77239, 388, 84
77269, 454, 137
77263, 336, 55
77261, 759, 188
77267, 520, 122
77323, 324, 49
77347, 331, 80
77243, 551, 152
77377, 194, 63
76991, 751, 200
77249, 815, 189
77291, 696, 150
77417, 513, 100
77171, 820, 265
77339, 619, 139
77477, 596, 113
77509, 388, 89
77383, 178, 54
77491, 375, 61
77419, 410, 110
77521, 337, 101
77513, 663, 124
77369, 741, 227
77359, 576, 99
77557, 297, 60
77489, 744, 191
77431, 552, 88
77279, 655, 156
77527, 245, 40
77569, 443, 97
77617, 231, 63
77587, 227, 67
77447, 581, 113
77479, 514, 120
77563, 246, 73
77543, 425, 66
77641, 293, 76
77611, 513, 105
77573, 450, 136
77351, 834, 185
77551, 434, 90
77549, 846, 246
77659, 444, 82
77471, 802, 181
77621, 561, 153
77689, 472, 128
77713, 284, 98
77773, 215, 62
77797, 160, 52
77681, 708, 210
77647, 193, 76
77731, 401, 90
77719, 310, 78
77761, 462, 129
77723, 691, 129
77743, 317, 48
77687, 608, 82
77863, 158, 40
77813, 579, 140
77893, 415, 93
77747, 619, 158
77977, 216, 61
77929, 342, 99
77849, 756, 164
77933, 470, 74
77699, 749, 256
77801, 788, 250
77591, 794, 181
77867, 535, 155
77899, 541, 139
77839, 364, 92
77983, 200, 50
78017, 566, 127
77711, 817, 190
77969, 714, 190
78049, 363, 115
78007, 247, 70
78157, 293, 64
78101, 695, 139
77783, 651, 164
78121, 538, 103
78163, 229, 47
78137, 475, 126
78059, 681, 137
78031, 414, 83
78041, 785, 226
78139, 492, 114
78193, 223, 63
78173, 613, 140
78241, 405, 86
78079, 405, 77
78229, 457, 104
78277, 223, 63
78233, 569, 114
78283, 293, 60
78307, 193, 62
77951, 783, 217
78203, 479, 105
78301, 390, 116
78167, 359, 94
78259, 380, 102
77999, 717, 177
78317, 626, 131
78367, 255, 60
78427, 215, 68
78341, 768, 182
78401, 622, 138
78437, 536, 117
78347, 518, 127
78541, 329, 73
78517, 286, 64
78467, 500, 91
78553, 248, 58
78439, 409, 65
78577, 216, 51
78179, 829, 251
78497, 574, 169
78191, 737, 161
78593, 464, 87
78509, 775, 170
78571, 350, 79
78569, 778, 168
78487, 287, 80
78607, 182, 51
78479, 592, 95
78649, 559, 102
78697, 207, 69
78643, 239, 81
78511, 427, 110
78583, 303, 62
78653, 610, 122
78691, 440, 98
78721, 297, 91
78787, 189, 45
78737, 620, 106
78781, 447, 109
78707, 475, 112
78311, 820, 180
78853, 207, 50
78713, 547, 136
78877, 262, 61
78539, 797, 239
78857, 577, 104
78797, 576, 173
78901, 438, 117
78779, 769, 172
78809, 769, 189
78823, 307, 74
78889, 451, 138
78803, 636, 164
78893, 625, 172
78919, 399, 57
78977, 582, 133
78941, 716, 157
78929, 678, 155
78623, 654, 171
78989, 690, 150
78979, 539, 123
79087, 215, 40
79153, 423, 88
78887, 692, 107
78791, 611, 137
79039, 474, 68
79147, 383, 85
79133, 542, 175
79193, 592, 125
79063, 318, 62
79181, 711, 137
79111, 463, 69
79201, 305, 99
79159, 333, 72
79043, 640, 171
79139, 710, 159
78839, 739, 183
79333, 180, 52
79273, 316, 94
79241, 671, 144
79283, 625, 93
79187, 543, 168
79357, 193, 60
79151, 728, 125
79103, 606, 128
79031, 837, 189
79393, 266, 74
79231, 360, 83
79259, 639, 158
79309, 546, 164
79279, 486, 89
79229, 783, 233
79337, 568, 141
79349, 791, 195
79397, 620, 162
79423, 256, 53
79537, 275, 93
79301, 814, 220
79549, 506, 87
79531, 424, 77
79493, 551, 109
79367, 543, 89
79399, 317, 67
79433, 661, 169
79411, 492, 150
79379, 693, 188
79561, 417, 126
79579, 312, 79
79451, 711, 142
79633, 180, 41
79427, 661, 148
79481, 728, 169
79319, 735, 131
79627, 190, 43
79657, 237, 53
79693, 240, 71
79609, 543, 135
79621, 489, 111
79669, 451, 94
79601, 716, 188
79589, 712, 189
79777, 215, 69
79801, 405, 80
79613, 667, 162
79813, 351, 74
79697, 615, 125
79699, 510, 95
79757, 590, 149
79843, 229, 56
79687, 242, 65
79861, 334, 75
79769, 777, 184
79817, 554, 135
79873, 273, 87
79867, 279, 80
79559, 802, 167
79829, 823, 216
79841, 686, 157
79811, 789, 183
79903, 232, 53
79907, 558, 94
79691, 782, 226
79939, 355, 102
79997, 463, 94
79823, 578, 111
79987, 308, 87
79889, 821, 239
80077, 305, 55
79973, 597, 147
79901, 834, 252
80021, 725, 161
79631, 751, 207
80107, 274, 86
80173, 174, 48
79979, 758, 177
80149, 442, 128
79847, 514, 135
80147, 427, 113
80177, 376, 92
79943, 539, 122
79999, 442, 112
80167, 265, 56
80233, 303, 81
80221, 392, 106
80039, 644, 109
80153, 561, 159
80209, 513, 123
80141, 818, 243
80051, 752, 187
79967, 683, 175
80071, 448, 109
80191, 358, 86
80347, 157, 41
80329, 397, 86
80273, 539, 119
80341, 445, 99
80263, 300, 61
80251, 404, 95
80317, 377, 96
80111, 656, 136
80287, 215, 56
80207, 681, 131
80473, 306, 63
80309, 720, 165
80449, 433, 108
80369, 713, 200
80387, 478, 93
80407, 240, 54
80239, 384, 101
80491, 333, 91
80489, 666, 134
80231, 775, 173
80363, 723, 196
80429, 780, 262
98597, 442, 98
80279, 766, 185
98561, 703, 124
80447, 565, 136
98573, 497, 113
98627, 529, 72
98507, 539, 128
98641, 471, 84
98459, 769, 171
98689, 447, 109
98737, 195, 53
98713, 376, 91
98773, 193, 58
98543, 657, 108
98729, 670, 120
98479, 504, 109
98411, 806, 238
98717, 528, 125
80471, 792, 190
98669, 838, 221
98621, 764, 248
98519, 615, 117
98809, 484, 104
98779, 464, 85
98893, 118, 38
98731, 432, 110
98663, 461, 79
98869, 415, 81
98837, 590, 83
98849, 660, 116
98639, 769, 131
98807, 429, 61
98873, 440, 113
98801, 801, 193
98953, 311, 64
98899, 332, 75
98897, 634, 120
98947, 371, 63
98711, 747, 133
98929, 534, 105
98867, 666, 176
98909, 726, 157
99013, 257, 85
98887, 237, 51
98963, 529, 62
98911, 394, 64
98993, 621, 146
98981, 760, 172
98939, 726, 132
99053, 479, 108
99017, 654, 137
99133, 187, 62
99103, 226, 38
99109, 523, 130
99023, 491, 81
98927, 655, 143
99139, 519, 110
99089, 713, 161
99041, 773, 221
99149, 682, 156
99079, 482, 74
99083, 577, 107
99173, 683, 146
99181, 378, 96
99241, 451, 86
99137, 565, 136
99223, 167, 31
99131, 753, 153
99257, 392, 83
99233, 709, 159
99397, 203, 53
99289, 380, 73
99277, 326, 85
99317, 514, 89
99409, 387, 69
99367, 190, 30
99377, 409, 121
99349, 502, 99
99259, 587, 140
99401, 687, 151
99523, 263, 67
98999, 808, 215
99469, 455, 123
99251, 753, 186
99529, 413, 95
99119, 647, 149
99191, 741, 120
99487, 224, 53
99439, 495, 80
99577, 277, 54
99391, 489, 108
99497, 616, 165
99347, 714, 184
99371, 783, 206
99661, 418, 63
99643, 166, 51
99559, 332, 59
99667, 323, 67
99563, 746, 147
99607, 290, 51
99709, 414, 83
99571, 509, 127
99527, 647, 128
99733, 309, 66
99793, 230, 49
99581, 727, 177
99721, 401, 100
99713, 489, 118
99787, 307, 50
99817, 251, 59
99431, 748, 165
99611, 777, 170
99689, 760, 193
99829, 351, 70
99551, 782, 157
99761, 800, 173
99877, 258, 62
99707, 621, 134
99679, 431, 94
99859, 366, 65
99623, 607, 128
99907, 169, 56
99961, 345, 83
99901, 581, 141
99833, 520, 137
99823, 297, 69
99809, 767, 215
99929, 683, 114
99719, 693, 105
99767, 556, 108
99871, 413, 80
99881, 627, 158
99923, 511, 103
99989, 675, 129
99971, 768, 141
99991, 315, 70
99839, 725, 173
